{
  "metadata": {
    "analysis_date": "2025-06-08 19:35:52",
    "extraction_method": "geodesic_small_orthogonal",
    "total_patients_analyzed": 10,
    "failed_analyses": 0,
    "vessel_directory": "/home/jiwoo/urp/data/uan/aneurysm_vessels_geo_small_orthogonal",
    "aneurysm_data_source": "../all_patients_aneurysms_for_stl.json"
  },
  "summary_statistics": {
    "max_distance_mm": {
      "mean": 12.225983013909879,
      "std": 2.494433708685557,
      "min": 8.170529776116009,
      "max": 15.991834761777158
    },
    "effective_radius_mm": {
      "mean": 10.316315624447943,
      "std": 2.19521890606474,
      "min": 6.564222828470215,
      "max": 14.431964647304914
    },
    "vessel_sizes": {
      "small_vessels_le15mm": 8,
      "medium_vessels_15_25mm": 2,
      "large_vessels_gt25mm": 0
    }
  },
  "patient_data": {
    "06_MRA1_seg": {
      "total_vertices": 4499,
      "total_faces": 8847,
      "mesh_volume_mm3": null,
      "mesh_area_mm2": 346.2673530562778,
      "is_watertight": false,
      "distances_from_aneurysm": {
        "min_distance_mm": 0.0,
        "max_distance_mm": 9.736872393356435,
        "avg_distance_mm": 5.551817492662889,
        "median_distance_mm": 5.5273537752657464,
        "std_distance_mm": 1.9581486842485742,
        "effective_radius_mm": 8.211389125965654
      },
      "distance_percentiles": {
        "p50_mm": 5.5273537752657464,
        "p75_mm": 7.07896251260641,
        "p90_mm": 8.211389125965654,
        "p95_mm": 8.65417768631566
      },
      "distance_bands": {
        "0-5mm": 1833,
        "5-10mm": 2666,
        "10-15mm": 0,
        "15-20mm": 0,
        "20-25mm": 0,
        "over_25mm": 0
      },
      "vessel_shape": {
        "principal_axis_lengths_mm": [
          17.572838573034364,
          11.337863643624475,
          10.136915524144216
        ],
        "explained_variance_ratio": [
          0.5957098284204926,
          0.2669095659878572,
          0.1373806055916502
        ],
        "max_extent_mm": 17.572838573034364,
        "min_extent_mm": 10.136915524144216,
        "aspect_ratio": 1.7335488819236171
      },
      "extreme_points": {
        "max_distance_vertex_coords": [
          90.15924072265625,
          92.94342041015625,
          51.040008544921875
        ],
        "max_distance_mm": 9.736872393356435
      },
      "aneurysm_location": [
        80.756103515625,
        90.80416870117188,
        49.69416427612305
      ],
      "extraction_method": "geodesic_small_orthogonal",
      "extraction_parameters": {
        "target_vertices": "adaptive",
        "max_distance_constraint": "16-18mm",
        "orthogonal_constraints": true,
        "vessel_direction_analysis": true
      }
    },
    "06_MRA2_seg": {
      "total_vertices": 4500,
      "total_faces": 8831,
      "mesh_volume_mm3": null,
      "mesh_area_mm2": 480.186688938787,
      "is_watertight": false,
      "distances_from_aneurysm": {
        "min_distance_mm": 0.0,
        "max_distance_mm": 14.512768930570276,
        "avg_distance_mm": 7.576617518599241,
        "median_distance_mm": 7.337770719232875,
        "std_distance_mm": 3.1603148891431485,
        "effective_radius_mm": 11.740555423953442
      },
      "distance_percentiles": {
        "p50_mm": 7.337770719232875,
        "p75_mm": 10.282265746375835,
        "p90_mm": 11.740555423953442,
        "p95_mm": 12.645144387408864
      },
      "distance_bands": {
        "0-5mm": 1061,
        "5-10mm": 2209,
        "10-15mm": 1230,
        "15-20mm": 0,
        "20-25mm": 0,
        "over_25mm": 0
      },
      "vessel_shape": {
        "principal_axis_lengths_mm": [
          25.450813007182234,
          13.990753274460399,
          12.61581070524494
        ],
        "explained_variance_ratio": [
          0.6278789469855639,
          0.25215733506675464,
          0.1199637179476815
        ],
        "max_extent_mm": 25.450813007182234,
        "min_extent_mm": 12.61581070524494,
        "aspect_ratio": 2.017374356814123
      },
      "extreme_points": {
        "max_distance_vertex_coords": [
          93.5240249633789,
          92.57040405273438,
          27.43018341064453
        ],
        "max_distance_mm": 14.512768930570276
      },
      "aneurysm_location": [
        105.6163101196289,
        86.64938354492188,
        22.013669967651367
      ],
      "extraction_method": "geodesic_small_orthogonal",
      "extraction_parameters": {
        "target_vertices": "adaptive",
        "max_distance_constraint": "16-18mm",
        "orthogonal_constraints": true,
        "vessel_direction_analysis": true
      }
    },
    "07_MRA1_seg": {
      "total_vertices": 4500,
      "total_faces": 8797,
      "mesh_volume_mm3": null,
      "mesh_area_mm2": 294.3025786331781,
      "is_watertight": false,
      "distances_from_aneurysm": {
        "min_distance_mm": 0.0,
        "max_distance_mm": 8.170529776116009,
        "avg_distance_mm": 4.671145696935238,
        "median_distance_mm": 4.762081575826421,
        "std_distance_mm": 1.5013827735464118,
        "effective_radius_mm": 6.564222828470215
      },
      "distance_percentiles": {
        "p50_mm": 4.762081575826421,
        "p75_mm": 5.8193853017734,
        "p90_mm": 6.564222828470215,
        "p95_mm": 6.8566659557900556
      },
      "distance_bands": {
        "0-5mm": 2513,
        "5-10mm": 1987,
        "10-15mm": 0,
        "15-20mm": 0,
        "20-25mm": 0,
        "over_25mm": 0
      },
      "vessel_shape": {
        "principal_axis_lengths_mm": [
          14.496193628388088,
          12.501937969742555,
          5.9507030987707505
        ],
        "explained_variance_ratio": [
          0.5596879646136242,
          0.36116991306316454,
          0.07914212232321119
        ],
        "max_extent_mm": 14.496193628388088,
        "min_extent_mm": 5.9507030987707505,
        "aspect_ratio": 2.436047201108487
      },
      "extreme_points": {
        "max_distance_vertex_coords": [
          65.10179901123047,
          94.84069061279297,
          58.45180892944336
        ],
        "max_distance_mm": 8.170529776116009
      },
      "aneurysm_location": [
        69.235107421875,
        95.46305847167969,
        65.47220611572266
      ],
      "extraction_method": "geodesic_small_orthogonal",
      "extraction_parameters": {
        "target_vertices": "adaptive",
        "max_distance_constraint": "16-18mm",
        "orthogonal_constraints": true,
        "vessel_direction_analysis": true
      }
    },
    "07_MRA2_seg": {
      "total_vertices": 4499,
      "total_faces": 8894,
      "mesh_volume_mm3": null,
      "mesh_area_mm2": 375.0150750622977,
      "is_watertight": false,
      "distances_from_aneurysm": {
        "min_distance_mm": 0.0,
        "max_distance_mm": 11.410593797374514,
        "avg_distance_mm": 5.815249692468843,
        "median_distance_mm": 5.417913114687348,
        "std_distance_mm": 2.642262250270372,
        "effective_radius_mm": 9.745717866899078
      },
      "distance_percentiles": {
        "p50_mm": 5.417913114687348,
        "p75_mm": 8.012922138992582,
        "p90_mm": 9.745717866899078,
        "p95_mm": 10.2814783804629
      },
      "distance_bands": {
        "0-5mm": 2001,
        "5-10mm": 2155,
        "10-15mm": 343,
        "15-20mm": 0,
        "20-25mm": 0,
        "over_25mm": 0
      },
      "vessel_shape": {
        "principal_axis_lengths_mm": [
          21.652898445726855,
          11.500182138094468,
          5.840784408379468
        ],
        "explained_variance_ratio": [
          0.738924794769758,
          0.21715459629374811,
          0.043920608936493806
        ],
        "max_extent_mm": 21.652898445726855,
        "min_extent_mm": 5.840784408379468,
        "aspect_ratio": 3.707190153203151
      },