{"06_MRA2_seg": {"aneurysms": [{"aneurysm_id": "aneurysm_1", "description": "Acom", "original_voxel_coords": [260, 214, 59], "data_bounds": [[97, 415], [88, 423], [0, 120]], "normalized_coords": [0.5125786163522013, 0.3761194029850746, 0.49166666666666664], "mesh_space_coords": [105.13883426354366, 86.40275117105512, 23.599999999999998], "mesh_vertex_index": 74315, "mesh_vertex_coords": [105.6163101196289, 86.64938354492188, 22.013669967651367], "distance_to_mesh": 1.674889158277258}], "nifti_info": {"shape": [512, 512, 121], "data_bounds": [[97, 415], [88, 423], [0, 120]], "affine": [[-0.40403449535369873, -0.002750218380242586, 0.014149134047329426, 102.65093994140625], [0.001961579080671072, -0.4036814570426941, -0.021976610645651817, 79.25020599365234], [0.014430458657443523, -0.022128887474536896, 0.39914512634277344, -29.220531463623047], [0.0, 0.0, 0.0, 1.0]], "voxel_size": [0.404296875, 0.404296875, 0.4000000059604645]}, "mesh_info": {"num_vertices": 145084, "num_faces": 290669, "bounds": [[39.158687591552734, 35.40632247924805, 0.0], [167.8806915283203, 170.9920654296875, 48.0]]}}}