{
  "total_aneurysms_found": 1,
  "aneurysm_labels": [
    1.0000000591389835
  ],
  "aneurysms": {
    "aneurysm_1": {
      "label_value": 1,
      "volume_voxels": 201274,
      "physical_volume_mm3": 8126.388610839844,
      "centroid_voxel": [
        293.2839114838479,
        337.8734113695758,
        100.09757842543002
      ],
      "centroid_world": [
        -5.419520493047969,
        -13.806686869275634,
        -0.2603929657856838
      ],
      "connected_components": 1,
      "bounding_box": {
        "min_coords": [
          65,
          128,
          0
        ],
        "max_coords": [
          518,
          567,
          174
        ],
        "size": [
          454,
          440,
          175
        ]
      },
      "sphericity": 0.19092300807063273
    }
  },
  "diagnosis_info": {
    "patient_file": "01_MRA1_seg.nii.gz",
    "expected_aneurysm_count": 1,
    "aneurysm_labels": null,
    "expected_locations": [],
    "location_tolerance": 50,
    "notes": "Default diagnosis - expecting 2 aneurysms based on clinical assessment"
  }
}